slope,intecept,detrended_min,detrended_max
4.706277354005964e-05,11.0918873943337,-11.135844024820116,15.188816868514877
